PRAGMA defer_foreign_keys=TRUE;

CREATE TABLE users (
    id INTEGER PRIMARY KEY AUTOINCREMENT,
    username TEXT UNIQUE NOT NULL,
    password_hash TEXT NOT NULL,
    email TEXT UNIQUE,
    full_name TEXT,
    created_at DATETIME DEFAULT CURRENT_TIMESTAMP,
    updated_at DATETIME DEFAULT CURRENT_TIMESTAMP,
    last_login DATETIME,
    is_active BOOLEAN DEFAULT 1,
    auto_logout_minutes INTEGER DEFAULT 30
);

INSERT INTO "users" VALUES('demo_user','holamundo','demo_user@example.com','Demo User',NULL);

CREATE TABLE sessions (
    id TEXT PRIMARY KEY,
    user_id INTEGER NOT NULL,
    device_name TEXT,
    device_type TEXT, -- mobile, desktop, tablet
    ip_address TEXT,
    user_agent TEXT,
    created_at DATETIME DEFAULT CURRENT_TIMESTAMP,
    last_activity DATETIME DEFAULT CURRENT_TIMESTAMP,
    expires_at DATETIME NOT NULL,
    is_active BOOLEAN DEFAULT 1,
    FOREIGN KEY (user_id) REFERENCES users(id) ON DELETE CASCADE
);


CREATE TABLE accounts (
    id INTEGER PRIMARY KEY AUTOINCREMENT,
    user_id INTEGER NOT NULL,
    name TEXT NOT NULL,
    type TEXT NOT NULL CHECK(type IN ('cash', 'debit', 'credit', 'bank', 'savings', 'investments')),
    balance DECIMAL(15, 2) DEFAULT 0.00,
    currency TEXT DEFAULT 'PEN',
    color TEXT, -- hex color
    icon TEXT, -- icon name
    is_active BOOLEAN DEFAULT 1,
    created_at DATETIME DEFAULT CURRENT_TIMESTAMP,
    updated_at DATETIME DEFAULT CURRENT_TIMESTAMP,
    FOREIGN KEY (user_id) REFERENCES users(id) ON DELETE CASCADE
);

INSERT INTO "accounts" VALUES(1,1,'Cuenta de Prueba','banco',1000.00,'PEN','#FF5733','',1,'2025-10-07 04:32:48','2025-10-07 04:32:48');


CREATE TABLE categories (
    id INTEGER PRIMARY KEY AUTOINCREMENT,
    name TEXT NOT NULL,
    type TEXT NOT NULL CHECK(type IN ('income', 'expense')),
    color TEXT NOT NULL, -- hex color
    icon TEXT NOT NULL, -- emoji or icon name
    order_index INTEGER DEFAULT 0,
    is_active BOOLEAN DEFAULT 1,
    created_at DATETIME DEFAULT CURRENT_TIMESTAMP
);
INSERT INTO "categories" VALUES(1,'Comida y Alimentaci贸n','expense','#FF6B6B','',1,1,'2025-10-07 04:32:49');
INSERT INTO "categories" VALUES(2,'Transporte','expense','#4ECDC4','',2,1,'2025-10-07 04:32:49');
INSERT INTO "categories" VALUES(3,'Entretenimiento','expense','#95E1D3','',3,1,'2025-10-07 04:32:49');
INSERT INTO "categories" VALUES(4,'Servicios y Facturas','expense','#FFE66D','',4,1,'2025-10-07 04:32:49');
INSERT INTO "categories" VALUES(5,'Salud','expense','#FF8B94','',5,1,'2025-10-07 04:32:49');
INSERT INTO "categories" VALUES(6,'Hogar','expense','#A8DADC','',6,1,'2025-10-07 04:32:49');
INSERT INTO "categories" VALUES(7,'Ropa y Calzado','expense','#E8B4F2','',7,1,'2025-10-07 04:32:49');
INSERT INTO "categories" VALUES(8,'Educaci贸n','expense','#B4E8F2','',8,1,'2025-10-07 04:32:49');
INSERT INTO "categories" VALUES(9,'Regalos y Donaciones','expense','#FFB4E8','',9,1,'2025-10-07 04:32:49');
INSERT INTO "categories" VALUES(10,'Otros','expense','#C0C0C0','',10,1,'2025-10-07 04:32:49');
INSERT INTO "categories" VALUES(11,'Salario','income','#06D6A0','',1,1,'2025-10-07 04:32:50');
INSERT INTO "categories" VALUES(12,'Inversiones','income','#118AB2','',2,1,'2025-10-07 04:32:50');
INSERT INTO "categories" VALUES(13,'Bonos/Extras','income','#FFD166','',3,1,'2025-10-07 04:32:50');
INSERT INTO "categories" VALUES(14,'Freelance','income','#EF476F','',4,1,'2025-10-07 04:32:50');
INSERT INTO "categories" VALUES(15,'Ventas','income','#8338EC','',5,1,'2025-10-07 04:32:50');
    INSERT INTO "categories" VALUES(16,'Otros incomes','income','#06FFA5','',6,1,'2025-10-07 04:32:50');

    CREATE TABLE subcategories (
        id INTEGER PRIMARY KEY AUTOINCREMENT,
        category_id INTEGER NOT NULL,
        name TEXT NOT NULL,
        order_index INTEGER DEFAULT 0,
        is_active BOOLEAN DEFAULT 1,
        created_at DATETIME DEFAULT CURRENT_TIMESTAMP,
        FOREIGN KEY (category_id) REFERENCES categories(id) ON DELETE CASCADE
    );

INSERT INTO "subcategories" VALUES(1,1,'Supermercado',1,1,'2025-10-07 04:32:51');
INSERT INTO "subcategories" VALUES(2,1,'Restaurantes',2,1,'2025-10-07 04:32:51');
INSERT INTO "subcategories" VALUES(3,1,'Comida r谩pida',3,1,'2025-10-07 04:32:51');
INSERT INTO "subcategories" VALUES(4,1,'Delivery',4,1,'2025-10-07 04:32:51');
INSERT INTO "subcategories" VALUES(5,1,'Cafeter铆as',5,1,'2025-10-07 04:32:51');
INSERT INTO "subcategories" VALUES(6,2,'Gasolina',1,1,'2025-10-07 04:32:52');
INSERT INTO "subcategories" VALUES(7,2,'Uber/Taxi',2,1,'2025-10-07 04:32:52');
INSERT INTO "subcategories" VALUES(8,2,'Transporte p煤blico',3,1,'2025-10-07 04:32:52');
INSERT INTO "subcategories" VALUES(9,2,'Estacionamiento',4,1,'2025-10-07 04:32:52');
INSERT INTO "subcategories" VALUES(10,2,'Mantenimiento veh铆culo',5,1,'2025-10-07 04:32:52');
INSERT INTO "subcategories" VALUES(11,3,'Cine',1,1,'2025-10-07 04:32:53');
INSERT INTO "subcategories" VALUES(12,3,'Streaming (Netflix, Spotify)',2,1,'2025-10-07 04:32:53');
INSERT INTO "subcategories" VALUES(13,3,'Videojuegos',3,1,'2025-10-07 04:32:53');
INSERT INTO "subcategories" VALUES(14,3,'Eventos/Conciertos',4,1,'2025-10-07 04:32:53');
INSERT INTO "subcategories" VALUES(15,3,'Hobbies',5,1,'2025-10-07 04:32:53');


CREATE TABLE transactions (
    id INTEGER PRIMARY KEY AUTOINCREMENT,
    user_id INTEGER NOT NULL,
    type TEXT NOT NULL CHECK(type IN ('income', 'expense', 'debt', 'debt_payment', 'transfer')),
    amount DECIMAL(15, 2) NOT NULL,
    category_id INTEGER,
    subcategory_id INTEGER,
    account_id INTEGER NOT NULL,
    description TEXT,
    notes TEXT,
    transaction_date DATE NOT NULL,
    created_at DATETIME DEFAULT CURRENT_TIMESTAMP,
    updated_at DATETIME DEFAULT CURRENT_TIMESTAMP,
    
    -- Para transferencias
    destination_account_id INTEGER,
    
    -- Para pagos a deudas
    debt_id INTEGER,
    
    FOREIGN KEY (user_id) REFERENCES users(id) ON DELETE CASCADE,
    FOREIGN KEY (category_id) REFERENCES categories(id) ON DELETE SET NULL,
    FOREIGN KEY (subcategory_id) REFERENCES subcategories(id) ON DELETE SET NULL,
    FOREIGN KEY (account_id) REFERENCES accounts(id) ON DELETE RESTRICT,
    FOREIGN KEY (destination_account_id) REFERENCES accounts(id) ON DELETE SET NULL,
    FOREIGN KEY (debt_id) REFERENCES debts(id) ON DELETE SET NULL

    CHECK(
    -- Condici贸n 1: Si es transferencia
    (type = 'transfer' AND destination_account_id IS NOT NULL AND account_id != destination_account_id) 
    
    OR -- O cualquiera de estas otras condiciones
    
    -- Condici贸n 2: Si es pago de deuda
    (type = 'debt_payment' AND debt_id IS NOT NULL) 
    
    OR -- O
    
    -- Condici贸n 3: Si es ingreso, gasto o deuda simple
    (type IN ('income', 'expense', 'debt'))
)
);


INSERT INTO "transactions" VALUES(1,1,'expense',100.00,1,1,1,'Ingreso de prueba','','2025-10-07','2025-10-07 04:32:48','2025-10-07 04:32:48',NULL,NULL);

-- Tabla para almacenar archivos adjuntos de transacciones en R2
CREATE TABLE attachments (
    id INTEGER PRIMARY KEY AUTOINCREMENT,
    transaction_id INTEGER NOT NULL,
    file_name TEXT NOT NULL,
    original_file_name TEXT, -- nombre original del archivo subido
    file_size INTEGER, -- bytes
    mime_type TEXT,
    file_type TEXT CHECK(file_type IN ('image', 'pdf', 'document', 'receipt', 'other')), -- tipo de archivo
    r2_key TEXT NOT NULL UNIQUE, -- key 煤nica en R2
    r2_url TEXT, -- URL p煤blica o presigned
    description TEXT, -- descripci贸n opcional del archivo
    uploaded_at DATETIME DEFAULT CURRENT_TIMESTAMP,
    updated_at DATETIME DEFAULT CURRENT_TIMESTAMP,
    FOREIGN KEY (transaction_id) REFERENCES transactions(id) ON DELETE CASCADE
);


CREATE TABLE tags (
    id INTEGER PRIMARY KEY AUTOINCREMENT,
    user_id INTEGER NOT NULL,
    name TEXT NOT NULL,
    color TEXT,
    created_at DATETIME DEFAULT CURRENT_TIMESTAMP,
    FOREIGN KEY (user_id) REFERENCES users(id) ON DELETE CASCADE,
    UNIQUE(user_id, name)
);

CREATE TABLE transaction_tags (
    transaction_id INTEGER NOT NULL,
    tag_id INTEGER NOT NULL,
    created_at DATETIME DEFAULT CURRENT_TIMESTAMP,
    PRIMARY KEY (transaction_id, tag_id),
    FOREIGN KEY (transaction_id) REFERENCES transactions(id) ON DELETE CASCADE,
    FOREIGN KEY (tag_id) REFERENCES tags(id) ON DELETE CASCADE
);

CREATE TABLE debts (
    id INTEGER PRIMARY KEY AUTOINCREMENT,
    user_id INTEGER NOT NULL,
    name TEXT NOT NULL,
    creditor TEXT, -- persona o instituci贸n
    original_amount DECIMAL(15, 2) NOT NULL,
    remaining_amount DECIMAL(15, 2) NOT NULL,
    interest_rate DECIMAL(5, 2) DEFAULT 0.00, -- porcentaje
    start_date DATE NOT NULL,
    due_date DATE,
    status TEXT DEFAULT 'activa' CHECK(status IN ('activa', 'pagada', 'vencida')),
    notes TEXT,
    created_at DATETIME DEFAULT CURRENT_TIMESTAMP,
    updated_at DATETIME DEFAULT CURRENT_TIMESTAMP,
    FOREIGN KEY (user_id) REFERENCES users(id) ON DELETE CASCADE
);

CREATE TABLE debt_payments (
    id INTEGER PRIMARY KEY AUTOINCREMENT,
    debt_id INTEGER NOT NULL,
    transaction_id INTEGER NOT NULL,
    amount DECIMAL(15, 2) NOT NULL,
    payment_date DATE NOT NULL,
    notes TEXT,
    created_at DATETIME DEFAULT CURRENT_TIMESTAMP,
    FOREIGN KEY (debt_id) REFERENCES debts(id) ON DELETE CASCADE,
    FOREIGN KEY (transaction_id) REFERENCES transactions(id) ON DELETE CASCADE
);

CREATE TABLE budgets (
    id INTEGER PRIMARY KEY AUTOINCREMENT,
    user_id INTEGER NOT NULL,
    category_id INTEGER,
    period_type TEXT NOT NULL CHECK(period_type IN ('semanal', 'mensual')),
    amount DECIMAL(15, 2) NOT NULL,
    start_date DATE NOT NULL,
    end_date DATE NOT NULL,
    is_active BOOLEAN DEFAULT 1,
    alert_threshold_75 BOOLEAN DEFAULT 1,
    alert_threshold_90 BOOLEAN DEFAULT 1,
    alert_threshold_100 BOOLEAN DEFAULT 1,
    created_at DATETIME DEFAULT CURRENT_TIMESTAMP,
    updated_at DATETIME DEFAULT CURRENT_TIMESTAMP,
    FOREIGN KEY (user_id) REFERENCES users(id) ON DELETE CASCADE,
    FOREIGN KEY (category_id) REFERENCES categories(id) ON DELETE CASCADE
);

CREATE TABLE recurring_expenses (
    id INTEGER PRIMARY KEY AUTOINCREMENT,
    user_id INTEGER NOT NULL,
    name TEXT NOT NULL,
    amount DECIMAL(15, 2) NOT NULL,
    frequency TEXT NOT NULL CHECK(frequency IN ('semanal', 'quincenal', 'mensual', 'anual')),
    charge_day INTEGER NOT NULL, -- d铆a del cobro (1-31 para mensual, 1-7 para semanal)
    category_id INTEGER,
    subcategory_id INTEGER,
    account_id INTEGER NOT NULL,
    status TEXT DEFAULT 'activo' CHECK(status IN ('activo', 'pausado', 'cancelado')),
    next_charge_date DATE,
    last_charge_date DATE,
    notify_3_days BOOLEAN DEFAULT 1,
    notify_1_day BOOLEAN DEFAULT 1,
    notify_same_day BOOLEAN DEFAULT 1,
    created_at DATETIME DEFAULT CURRENT_TIMESTAMP,
    updated_at DATETIME DEFAULT CURRENT_TIMESTAMP,
    FOREIGN KEY (user_id) REFERENCES users(id) ON DELETE CASCADE,
    FOREIGN KEY (category_id) REFERENCES categories(id) ON DELETE SET NULL,
    FOREIGN KEY (subcategory_id) REFERENCES subcategories(id) ON DELETE SET NULL,
    FOREIGN KEY (account_id) REFERENCES accounts(id) ON DELETE RESTRICT
);

CREATE TABLE savings_goals (
    id INTEGER PRIMARY KEY AUTOINCREMENT,
    user_id INTEGER NOT NULL,
    name TEXT NOT NULL,
    description TEXT,
    target_amount DECIMAL(15, 2) NOT NULL,
    current_amount DECIMAL(15, 2) DEFAULT 0.00,
    target_date DATE,
    priority TEXT DEFAULT 'media' CHECK(priority IN ('alta', 'media', 'baja')),
    status TEXT DEFAULT 'en_progreso' CHECK(status IN ('en_progreso', 'alcanzada', 'vencida', 'cancelada')),
    image_url TEXT, -- emoji o URL
    auto_contribute BOOLEAN DEFAULT 0,
    auto_contribute_percentage DECIMAL(5, 2), -- % de cada ingreso
    created_at DATETIME DEFAULT CURRENT_TIMESTAMP,
    updated_at DATETIME DEFAULT CURRENT_TIMESTAMP,
    completed_at DATETIME,
    FOREIGN KEY (user_id) REFERENCES users(id) ON DELETE CASCADE
);
CREATE TABLE goal_contributions (
    id INTEGER PRIMARY KEY AUTOINCREMENT,
    goal_id INTEGER NOT NULL,
    amount DECIMAL(15, 2) NOT NULL,
    contribution_date DATE NOT NULL,
    notes TEXT,
    created_at DATETIME DEFAULT CURRENT_TIMESTAMP,
    FOREIGN KEY (goal_id) REFERENCES savings_goals(id) ON DELETE CASCADE
);


DELETE FROM sqlite_sequence;
INSERT INTO "sqlite_sequence" VALUES('comments',4);
INSERT INTO "sqlite_sequence" VALUES('categories',16);
INSERT INTO "sqlite_sequence" VALUES('subcategories',15);
CREATE INDEX idx_sessions_user_id ON sessions(user_id);
CREATE INDEX idx_sessions_expires_at ON sessions(expires_at);
CREATE INDEX idx_accounts_user_id ON accounts(user_id);
CREATE INDEX idx_subcategories_category_id ON subcategories(category_id);
CREATE INDEX idx_transactions_user_id ON transactions(user_id);
CREATE INDEX idx_transactions_date ON transactions(transaction_date);
CREATE INDEX idx_transactions_type ON transactions(type);
CREATE INDEX idx_transactions_category_id ON transactions(category_id);
CREATE INDEX idx_transactions_account_id ON transactions(account_id);
CREATE INDEX idx_debts_user_id ON debts(user_id);
CREATE INDEX idx_debts_status ON debts(status);
CREATE INDEX idx_debts_due_date ON debts(due_date);
CREATE INDEX idx_debt_payments_debt_id ON debt_payments(debt_id);
CREATE INDEX idx_budgets_user_id ON budgets(user_id);
CREATE INDEX idx_budgets_dates ON budgets(start_date, end_date);
CREATE INDEX idx_recurring_expenses_user_id ON recurring_expenses(user_id);
CREATE INDEX idx_recurring_expenses_next_charge ON recurring_expenses(next_charge_date);
CREATE INDEX idx_savings_goals_user_id ON savings_goals(user_id);
CREATE INDEX idx_savings_goals_status ON savings_goals(status);
CREATE INDEX idx_goal_contributions_goal_id ON goal_contributions(goal_id);
CREATE INDEX idx_attachments_transaction_id ON attachments(transaction_id);
CREATE INDEX idx_attachments_file_type ON attachments(file_type);
CREATE INDEX idx_photos_transaction_id ON photos(transaction_id);
